,edgeR_exact,edgeR_glm,edgeR_rob_pDF10,edgeR_rob_pDF05,edgeR_rob_pDF20,edgeR_rob_auto.pDF,edgeR_ql,DESeq,DESeq2_indFilterDeactive,DESeq2_indFilterDeactiveCooksOff,DESeq2_indFilterActive,LimmaQN,LimmaVoom,LimmaVoom_Robust,LimmaTrended,LimmaTrended_Robust,LimmaVoom_QW,LimmaVst,BaySeq,PoissonSeq,SAMSeq,QuasiSeq_QL,QuasiSeq_QLShrink,QuasiSeq_QLSpline,NOISeq,StR
1,2.33E-300,2.71707943470873e-318,0,0,0,0,2.74E-25,1.92E-85,2.91E-165,2.91E-165,2.91E-165,2.09E-54,1.10E-51,1.29E-51,1.23E-46,1.61E-47,6.62E-52,7.05E-46,0,0,0,7.61E-46,8.46E-47,8.67E-47,0,28.84242023
2,0.054175597,0.012762357,0.183547154,0.167629992,0.197015004,0.140198927,0.009901452,0.38940363,0.827311391,0.827311391,0.827311391,0.104903163,0.707413496,0.707848012,0.125737064,0.124236976,0.840823194,0.085972549,0.049186281,0.024274611,0.38621,0.000524324,0.000474923,0.000460159,0.771720567,0.366957772
3,7.63E-23,1.83E-25,1.30E-26,3.92E-27,6.31E-26,7.05E-28,9.85E-11,5.92E-14,2.08E-22,2.08E-22,2.08E-22,2.16E-16,4.33E-21,4.67E-21,7.32E-12,1.00E-11,4.95E-21,6.73E-24,7.50E-14,5.01E-05,0,4.98E-18,9.61E-19,2.11E-18,0,2.765880417
4,2.92E-55,5.86E-53,2.45E-63,3.35E-68,1.53E-58,9.15E-76,5.16E-15,5.60E-37,2.86E-61,2.86E-61,2.86E-61,1.37E-28,6.06E-33,6.58E-33,8.48E-24,6.76E-24,6.73E-32,3.79E-31,0,0,0,1.64E-26,3.61E-27,3.67E-27,8.22E-15,6.332182686
5,NA,0.217334209,0.709739888,0.709753637,0.709770072,0.709815584,0.21448157,NA,0.901779745,0.901779745,0.901779745,0.409994687,0.016339087,0.016669501,0.379842904,0.369930138,0.0118511,0.375113728,0.271106872,0.231132988,NA,0.002609751,0.00460113,0.002333902,0.679095861,0.223606798
6,7.84E-71,3.21E-68,1.94E-80,1.07E-85,4.10E-75,3.71E-95,1.51E-16,1.21E-53,1.00E-74,1.00E-74,1.00E-74,4.95E-32,4.00E-34,4.43E-34,2.86E-27,1.39E-27,1.52E-36,6.85E-33,0,0,0,5.27E-29,9.99E-30,9.90E-30,1.11E-15,7.779971368
7,6.37E-69,1.54E-63,1.74E-78,1.51E-88,1.96E-69,4.20E-107,3.93E-17,3.97E-48,2.06E-70,2.06E-70,2.06E-70,6.79E-33,1.71E-35,1.90E-35,9.04E-29,4.45E-29,2.20E-36,2.90E-35,0,0,0,1.73E-31,1.75E-31,1.16E-31,2.22E-16,8.630220952
8,1.10E-273,6.04E-283,0,0,0,0,1.29E-22,3.46E-87,1.26E-162,1.26E-162,1.26E-162,4.78E-47,8.90E-45,1.04E-44,4.01E-43,1.68E-43,2.79E-46,3.06E-40,0,0,0,5.82E-38,4.98E-40,1.96E-40,5.55E-16,19.63685499
9,6.66E-05,8.58E-06,8.61E-06,8.61E-06,8.58E-06,8.61E-06,8.23E-06,0.048556028,0.011409588,0.011409588,0.011409588,5.17E-10,1.68E-07,1.79E-07,1.51E-09,1.36E-09,6.41E-09,1.45E-10,0.000228249,0.002331606,0.00352,1.39E-13,6.97E-13,5.52E-13,0.345024441,1.87035081
10,1.08E-06,3.34E-08,2.99E-08,2.99E-08,2.98E-08,2.99E-08,2.83E-08,0.007358026,5.16E-05,5.16E-05,5.16E-05,5.35E-27,1.31E-19,1.66E-19,5.05E-20,6.00E-20,1.36E-20,1.14E-28,5.43E-07,0.001020725,0,1.32E-30,5.91E-24,5.02E-23,0.190698542,5.444535617
11,4.95E-237,8.44E-253,1.39E-301,0,2.83E-279,0,3.79E-23,2.64E-80,1.12E-148,1.12E-148,1.12E-148,3.52E-47,8.11E-46,8.88E-46,8.87E-43,1.83E-43,5.64E-47,3.45E-41,0,0,0,2.03E-38,3.72E-40,2.15E-40,1.89E-15,20.20461602
12,1.90E-166,9.78E-177,2.19E-220,8.03E-265,3.03E-183,0,1.99E-23,3.65E-69,1.28E-126,1.28E-126,1.28E-126,2.62E-48,1.04E-46,1.20E-46,5.45E-42,2.66E-43,5.00E-48,4.20E-44,0,0,0,2.57E-42,2.85E-42,2.59E-42,3.33E-16,22.84930198
13,1.50E-75,6.57E-71,3.10E-93,5.91E-121,5.09E-72,4.24E-196,2.70E-19,1.10E-41,1.04E-71,1.04E-71,1.04E-71,2.61E-40,2.66E-41,3.40E-41,3.45E-34,2.58E-34,7.80E-42,2.08E-41,0,0,0,4.63E-38,1.14E-35,7.57E-35,2.11E-15,13.12495844
14,0.065510504,0.005953548,0.047439848,0.045797385,0.048023286,0.043926628,0.005508022,0.372789813,0.711201577,0.711201577,0.711201577,0.051041999,0.001435754,0.0014634,0.043537456,0.042295467,0.001422907,0.037546757,0.102265247,0.023974093,0.27471,4.90E-05,5.08E-05,4.62E-05,0.485610634,0.474774233
15,8.61E-255,1.00E-280,0,0,4.80E-294,0,4.33E-28,3.62E-75,3.60E-150,3.60E-150,3.60E-150,1.86E-59,8.90E-53,1.12E-52,6.66E-49,6.39E-51,9.01E-54,2.29E-53,0,0,0,2.86E-57,8.47E-52,1.07E-51,2.33E-15,57.17788716
16,7.18E-180,2.22E-195,5.41E-248,6.99E-290,9.80E-213,0,7.20E-23,6.07E-76,3.59E-136,3.59E-136,3.59E-136,4.38E-47,4.90E-47,5.57E-47,5.20E-41,5.65E-42,5.38E-47,9.57E-42,0,0,0,5.08E-41,7.64E-42,3.29E-42,1.33E-15,19.39530496
17,5.94E-98,1.21E-98,2.01E-120,3.74E-139,1.05E-105,4.33E-179,2.34E-19,1.03E-61,8.01E-97,8.01E-97,8.01E-97,5.90E-40,2.40E-40,2.68E-40,1.24E-32,2.86E-33,1.57E-41,4.86E-37,0,0,0,3.49E-34,1.18E-34,6.00E-35,0,10.88909422
18,3.72E-156,2.02E-165,5.85E-203,4.00E-242,3.87E-171,0,1.24E-22,9.03E-69,2.80E-122,2.80E-122,2.80E-122,3.03E-45,1.03E-45,1.18E-45,6.14E-41,3.99E-42,1.53E-46,9.08E-42,0,0,0,5.47E-40,1.91E-40,1.69E-40,0,19.49971192
19,0,0,0,0,0,0,1.93E-26,3.32E-94,6.25E-192,6.25E-192,6.25E-192,3.38E-54,5.28E-53,6.08E-53,1.39E-49,5.71E-50,1.34E-52,6.74E-48,0,0,0,3.84E-45,6.54E-47,3.63E-47,3.44E-15,33.28786691
20,1.31E-11,1.33E-12,1.30E-11,1.97E-11,5.78E-12,3.64E-11,3.32E-07,1.03E-06,6.34E-09,6.34E-09,6.34E-09,1.60E-08,1.38E-10,1.47E-10,3.34E-06,3.50E-06,6.89E-11,2.08E-14,3.13E-09,0.000219344,0,1.14E-11,4.03E-12,5.66E-12,0.022338033,1.519026235
21,0.000263044,8.54E-06,7.96E-06,7.96E-06,7.94E-06,7.96E-06,7.62E-06,0.04928032,0.019144999,0.019144999,0.019144999,1.01E-06,2.15E-09,2.30E-09,1.66E-06,1.56E-06,4.39E-09,5.77E-07,0.00040003,0.002668394,0.03056,5.57E-11,8.97E-11,7.72E-11,0.294996873,1.294115505
22,5.12E-17,4.43E-18,1.37E-17,3.75E-17,3.63E-18,1.03E-16,4.82E-08,2.61E-09,3.52E-15,3.52E-15,3.52E-15,4.27E-10,1.18E-12,1.29E-12,6.04E-08,6.80E-08,2.29E-13,6.35E-15,1.21E-10,6.04E-05,0,7.16E-13,1.60E-13,1.99E-13,0.003233635,1.773537474
23,4.89E-175,3.88E-187,5.79E-218,1.37E-225,1.92E-208,1.83E-238,4.56E-21,1.45E-79,9.32E-135,9.32E-135,9.32E-135,9.10E-44,3.27E-44,3.55E-44,1.14E-38,2.66E-39,2.51E-44,1.17E-37,0,0,0,6.12E-37,1.57E-38,5.64E-39,4.44E-16,15.58417493
24,0,0,0,0,0,0,8.37E-27,6.17E-114,7.13E-251,7.13E-251,7.13E-251,5.25E-58,2.04E-52,2.22E-52,6.24E-54,2.30E-53,2.41E-51,1.35E-49,0,0,0,3.53E-46,2.02E-48,1.42E-48,7.66E-15,35.23027575
25,4.98E-07,9.53E-08,7.29E-06,7.51E-06,7.04E-06,7.56E-06,4.62E-05,0.000555443,0.000496328,0.000496328,0.000496328,8.92E-05,4.45E-05,4.59E-05,0.00083884,0.000849489,3.53E-05,6.09E-07,1.29E-05,0.000830743,0.00744,5.16E-08,2.53E-08,1.32E-08,0.085924474,NA
26,5.43E-86,1.39E-90,2.96E-99,1.74E-99,1.12E-98,2.34E-100,1.62E-16,1.57E-67,4.23E-91,4.23E-91,4.23E-91,8.56E-33,5.02E-35,6.72E-35,1.81E-27,1.01E-27,3.67E-34,3.46E-30,0,0,0,2.39E-28,9.73E-30,6.42E-30,2.22E-16,7.492527561
27,1.09E-06,3.43E-08,3.00E-08,3.00E-08,2.99E-08,3.00E-08,2.83E-08,0.007672996,6.97E-05,6.97E-05,6.97E-05,2.03E-18,2.23E-17,2.66E-17,2.05E-15,2.15E-15,1.50E-17,3.40E-19,6.43E-07,0.001051813,0,1.40E-22,4.31E-20,1.32E-19,0.191154502,3.237637579
28,4.22E-157,1.51E-166,1.70E-209,2.42E-243,1.80E-181,0,1.12E-21,1.72E-71,2.50E-123,2.50E-123,2.50E-123,1.86E-45,9.87E-45,1.10E-44,4.17E-40,4.60E-41,1.97E-45,2.12E-39,0,0,0,6.53E-38,5.40E-39,1.98E-39,0,17.52596245
29,0.50181369,0.120730934,0.440145081,0.44026963,0.440362863,0.440676126,0.114897565,NA,0.866276869,0.866276869,0.866276869,0.200841333,0.576301614,0.577384325,0.198042276,0.189893285,0.242844113,0.179128497,0.307814312,0.139478411,0.38593,0.001605117,0.002265449,0.001413234,0.920610062,0.324888491
30,2.25E-08,7.83E-10,1.30E-09,1.99E-09,6.60E-10,3.79E-09,5.48E-06,3.12E-05,2.93E-05,2.93E-05,2.93E-05,2.75E-05,2.06E-08,2.17E-08,8.52E-05,8.72E-05,1.56E-08,1.17E-06,1.34E-06,0.000421416,0.0013,1.47E-09,6.06E-10,3.77E-10,0.086002538,1.073899811
31,1.15E-69,2.36E-72,1.09E-79,2.72E-80,7.26E-80,3.48E-81,4.18E-15,1.86E-38,6.53E-76,6.53E-76,6.53E-76,3.31E-28,4.46E-32,5.82E-32,9.65E-26,5.79E-26,9.50E-33,5.46E-28,0,0,0,2.12E-25,1.06E-26,5.89E-27,0,6.675858618
32,1.80E-67,2.18E-63,1.09E-77,1.21E-87,3.98E-69,8.83E-105,6.33E-17,1.67E-49,5.71E-71,5.71E-71,5.71E-71,1.46E-33,2.23E-36,2.50E-36,5.52E-28,3.05E-28,5.71E-37,9.48E-35,0,0,0,8.98E-31,6.35E-31,1.26E-30,2.55E-15,8.249245292
33,1.27E-64,5.01E-60,4.94E-74,1.02E-85,3.13E-63,2.30E-107,3.98E-17,1.62E-42,1.04E-65,1.04E-65,1.04E-65,1.74E-33,2.85E-35,3.22E-35,7.96E-29,5.46E-29,3.60E-36,4.78E-37,0,0,0,4.91E-32,1.29E-31,2.65E-31,0,9.241832054
34,NA,0.21702395,0.717095782,0.717108256,0.717124694,0.717167851,0.214481574,NA,0.901779745,0.901779745,0.901779745,0.409994687,0.017948972,0.018292345,0.374773639,0.365450367,0.011717254,0.371161384,0.270372546,0.231132988,0.37876,0.002889669,0.004950613,0.002568993,0.674911268,0.223606798
35,1.54E-30,1.73E-34,9.38E-37,1.97E-39,1.81E-33,5.67E-44,5.13E-14,2.36E-17,3.03E-30,3.03E-30,3.03E-30,7.35E-23,3.89E-27,4.50E-27,1.12E-18,2.90E-18,2.87E-28,5.98E-31,0,4.84E-05,0,4.55E-25,2.62E-25,4.06E-24,4.11E-15,4.617290355
36,9.32E-280,1.21E-290,0,0,1.97626258336499e-323,0,3.09E-23,7.48E-86,1.80E-161,1.80E-161,1.80E-161,4.49E-49,1.77E-46,1.93E-46,2.57E-44,8.41E-45,1.15E-47,3.03E-41,0,0,0,1.55E-39,1.75E-41,6.62E-42,3.33E-16,21.20900947
37,4.53E-09,7.61E-10,3.79E-09,3.39E-09,4.28E-09,2.78E-09,4.95E-08,0.000531971,2.64E-06,2.64E-06,2.64E-06,3.93E-11,4.57E-11,4.88E-11,4.30E-07,4.47E-07,2.46E-11,8.01E-20,4.29E-08,0.000595855,0,1.97E-13,1.59E-13,2.26E-14,0.084946203,1.801910554
38,6.95E-08,9.91E-09,9.27E-09,8.42E-09,9.46E-09,7.03E-09,3.88E-06,0.002092317,0.000241267,0.000241267,0.000241267,5.10E-07,1.50E-06,1.55E-06,2.09E-06,2.14E-06,1.24E-06,8.95E-08,1.12E-06,0.000939551,0,5.63E-10,3.44E-10,1.76E-10,0.082197657,1.301544643
39,5.90E-52,7.32E-55,3.36E-57,3.65E-53,1.72E-63,7.14E-49,1.86E-12,8.74E-46,1.06E-62,1.06E-62,1.06E-62,1.08E-18,3.09E-22,3.72E-22,1.30E-16,1.18E-16,1.45E-24,1.32E-20,0,0,0,1.97E-20,1.02E-21,5.85E-22,0,3.35301798
40,4.82E-65,1.76E-61,4.68E-76,2.87E-85,3.56E-68,6.79E-103,2.46E-16,6.78E-46,2.06E-69,2.06E-69,2.06E-69,5.07E-36,1.09E-35,1.21E-35,4.32E-27,2.41E-27,2.52E-37,4.40E-33,0,0,0,6.10E-29,1.92E-29,1.73E-29,1.67E-15,7.615196873
41,0.00432626,0.000214938,0.000437281,0.000437298,0.00043676,0.000437222,0.000196079,0.140761581,0.264222551,0.264222551,0.264222551,0.002169377,1.02E-05,1.06E-05,0.002777459,0.00268528,3.99E-05,0.001049703,0.01044171,0.006469775,0.10838,2.96E-07,3.04E-07,3.27E-07,0.396802367,0.748814035
42,0,0,0,0,0,0,1.37E-24,2.02E-102,4.79E-205,4.79E-205,4.79E-205,1.33E-50,7.19E-50,7.80E-50,8.48E-49,9.26E-49,4.31E-49,7.76E-44,0,0,0,9.06E-41,4.29E-43,1.86E-43,6.88E-15,25.46006557
43,0,0,0,0,0,0,2.22E-23,3.18E-95,5.82E-187,5.82E-187,5.82E-187,4.57E-47,5.05E-46,6.75E-46,7.00E-46,5.49E-46,3.05E-47,5.46E-42,0,0,0,5.12E-39,2.77E-41,1.10E-41,6.66E-16,22.50790268
44,7.25E-25,2.15E-25,3.65E-26,7.70E-26,1.32E-26,1.75E-25,9.15E-10,4.77E-16,6.12E-25,6.12E-25,6.12E-25,7.84E-13,1.24E-16,1.41E-16,7.18E-11,8.81E-11,1.32E-17,7.58E-19,2.69E-13,3.63E-05,0,5.83E-16,9.70E-17,1.38E-16,8.88E-16,2.267078413
45,2.29E-07,3.00E-08,7.31E-07,7.01E-07,7.86E-07,6.55E-07,4.27E-06,0.005583303,6.58E-05,6.58E-05,6.58E-05,2.02E-08,1.44E-08,1.51E-08,0.000149876,0.000151989,1.22E-09,3.79E-15,1.97E-06,0.00083247,0,8.67E-10,4.63E-10,1.64E-10,0.152514065,1.369300616
46,7.52E-13,1.34E-14,7.08E-14,3.24E-13,8.86E-15,1.65E-12,6.05E-07,1.44E-08,1.41E-10,1.41E-10,1.41E-10,4.96E-07,2.31E-10,2.49E-10,1.05E-05,1.11E-05,1.15E-10,4.97E-09,7.80E-09,8.12E-05,0,5.42E-11,1.43E-11,1.97E-11,0.003296908,1.253163622
47,4.98E-20,1.65E-22,1.50E-24,5.30E-26,6.92E-23,8.40E-29,2.89E-14,7.42E-09,6.07E-19,6.07E-19,6.07E-19,7.19E-23,1.22E-22,1.44E-22,1.15E-19,2.51E-19,2.55E-23,2.41E-31,5.42E-16,0.000100173,0,3.42E-26,3.01E-25,1.23E-23,0.003484397,4.986814872
48,1.06E-17,1.80E-19,1.12E-18,5.04E-18,1.22E-19,2.16E-17,4.61E-08,5.70E-11,9.33E-18,9.33E-18,9.33E-18,1.83E-08,2.44E-13,2.70E-13,4.81E-07,5.33E-07,5.54E-13,5.63E-15,2.62E-11,4.84E-05,0,1.01E-12,1.98E-13,2.05E-13,5.55E-16,1.585988091
49,0,0,0,0,0,0,6.67E-23,1.74E-95,2.41E-183,2.41E-183,2.41E-183,1.74E-47,1.81E-44,2.64E-44,2.13E-44,1.69E-44,3.51E-46,3.44E-40,0,0,0,3.04E-37,1.59E-39,6.07E-40,2.22E-15,19.74378617
50,2.93E-183,7.78E-197,2.76E-250,9.04E-297,7.30E-211,0,1.05E-23,2.71E-72,2.78E-133,2.78E-133,2.78E-133,1.62E-49,2.66E-47,3.06E-47,5.92E-43,3.38E-44,2.21E-48,6.16E-44,0,0,0,7.68E-43,4.14E-43,1.49E-43,4.44E-16,23.59960239
51,5.61E-06,2.40E-07,1.00E-06,9.80E-07,1.10E-06,8.64E-07,1.11E-05,0.008666138,0.004770395,0.004770395,0.004770395,4.42E-05,1.07E-07,1.12E-07,6.45E-05,6.46E-05,2.65E-07,5.52E-06,4.28E-06,0.001409326,0.01541,3.17E-09,2.14E-09,2.06E-09,0.211944963,NA
52,9.25E-133,3.60E-138,1.65E-171,4.43E-210,1.18E-140,1.73638668669558e-315,1.12E-21,3.23E-65,1.65E-112,1.65E-112,1.65E-112,8.18E-44,1.03E-44,1.18E-44,1.77E-39,1.17E-40,2.90E-46,8.20E-41,0,0,0,1.71E-38,8.49E-39,2.70E-38,1.22E-15,17.9998719
53,3.15E-33,6.97E-34,1.23E-36,5.55E-37,3.19E-36,1.74E-37,1.01E-11,2.72E-22,2.80E-36,2.80E-36,2.80E-36,4.72E-17,1.19E-22,1.43E-22,2.04E-15,2.52E-15,2.70E-22,9.33E-25,1.01E-15,1.73E-06,0,9.09E-20,1.44E-20,1.69E-20,0.010896942,3.438424869
54,8.03E-13,8.25E-14,1.70E-11,6.04E-11,2.22E-12,2.11E-10,7.15E-06,0.000249562,1.42E-07,1.42E-07,1.42E-07,8.50E-05,3.73E-08,3.96E-08,0.001479911,0.001510796,1.35E-08,1.09E-08,7.42E-08,5.01E-05,0,3.11E-09,8.68E-10,7.52E-10,1.37E-06,0.943258409
55,0.006216527,0.000913753,0.005572716,0.005598454,0.00548719,0.005704033,0.001547494,0.179900131,0.498079043,0.498079043,0.498079043,0.01042759,0.110961858,0.111500057,0.012424983,0.012156621,0.236416565,0.007357215,0.014094478,0.008428325,0.10875,2.15E-05,1.83E-05,1.80E-05,0.529458441,0.597614264
56,1.44E-70,1.82E-69,3.70E-80,1.61E-84,7.13E-76,3.33E-92,3.69E-16,1.50E-50,6.63E-75,6.63E-75,6.63E-75,8.83E-29,1.32E-33,1.58E-33,8.80E-27,4.49E-27,1.36E-34,1.84E-31,0,0,0,2.92E-28,3.65E-29,1.93E-29,0,7.386577006
57,2.86E-126,2.11E-134,2.77E-179,3.34E-215,4.39E-151,3.30E-294,2.89E-20,6.50E-71,3.62E-113,3.62E-113,3.62E-113,1.24E-42,6.54E-44,7.33E-44,1.52E-37,1.98E-38,3.34E-44,2.76E-37,0,0,0,4.10E-35,3.18E-36,4.07E-36,5.55E-16,14.66237488
58,8.95E-86,5.59E-84,5.12E-100,2.77E-109,4.87E-91,1.63E-127,4.57E-18,1.96E-57,1.98E-85,1.98E-85,1.98E-85,5.82E-34,2.94E-37,3.20E-37,7.36E-31,2.17E-31,2.70E-38,6.43E-35,0,0,0,4.54E-32,1.18E-32,6.49E-33,0,9.5917668
59,3.36E-77,7.18E-74,1.81E-90,3.13E-101,5.61E-81,5.76E-121,1.31E-17,5.58E-55,1.64E-80,1.64E-80,1.64E-80,1.59E-36,5.78E-37,6.37E-37,6.72E-29,2.69E-29,2.35E-38,7.10E-35,0,0,0,2.68E-31,1.05E-31,4.28E-32,1.22E-15,8.566705786
60,0.038618191,0.003189618,0.03293509,0.030948119,0.034774025,0.028885827,0.002435533,0.29479308,0.662791815,0.662791815,0.662791815,0.047044484,0.00123707,0.001259938,0.049876003,0.048919194,0.002494014,0.038009765,0.054427762,0.016699482,0.40856,3.51E-05,3.36E-05,3.26E-05,0.460605317,0.464067524
61,5.66E-239,1.37E-247,8.05048870827539e-312,0,1.37E-294,0,3.79E-22,1.77E-83,1.62E-150,1.62E-150,1.62E-150,1.34E-47,2.51E-45,2.71E-45,1.21E-42,3.56E-43,7.72E-47,2.29E-39,0,0,0,8.50E-37,9.30E-39,3.00E-39,1.78E-15,18.91219614
62,2.39E-182,8.71E-198,8.30E-234,4.85E-247,5.28E-219,2.65E-270,8.09E-22,4.54E-79,1.11E-137,1.11E-137,1.11E-137,2.11E-44,2.46E-45,2.71E-45,9.82E-40,1.89E-40,2.73E-45,3.21E-39,0,0,0,1.64E-37,4.84E-39,1.71E-39,2.66E-15,17.08805203
63,2.56E-105,9.28E-106,5.07E-131,7.29E-158,3.53E-110,4.04E-216,1.34E-20,5.96E-59,7.65E-99,7.65E-99,7.65E-99,1.36E-39,3.20E-42,3.67E-42,1.68E-36,1.70E-37,9.73E-43,2.15E-40,0,0,0,1.54E-37,3.16E-37,4.43E-37,0,15.13000046
64,3.55E-117,3.56E-125,5.61E-146,8.02E-152,2.17E-139,5.86E-162,1.14E-18,1.80E-72,1.25E-110,1.25E-110,1.25E-110,2.84E-37,8.02E-40,9.14E-40,1.20E-33,3.59E-34,4.33E-40,8.57E-34,0,0,0,4.92E-32,1.55E-33,9.79E-34,8.22E-15,11.15287586
65,3.24E-49,1.32E-47,1.85E-55,1.30E-59,1.01E-50,1.51E-65,7.03E-15,6.44E-38,6.09E-52,6.09E-52,6.09E-52,3.01E-26,2.81E-30,3.06E-30,9.04E-23,9.94E-23,1.78E-30,1.44E-32,0,0,0,2.80E-27,1.44E-27,2.16E-27,0,6.001413543
66,1.30E-10,5.06E-12,8.02E-09,7.85E-09,8.27E-09,7.51E-09,6.41E-06,0.002404359,0.000169059,0.000169059,0.000169059,3.18E-05,4.72E-10,5.06E-10,0.001441233,0.001464966,8.54E-10,4.99E-14,3.38E-08,0.000176166,0,3.85E-09,1.24E-09,1.25E-09,0.082273049,1.089093326
67,1.70E-05,2.50E-06,2.35E-06,2.35E-06,2.35E-06,2.35E-06,2.25E-06,0.029882178,0.002882755,0.002882755,0.002882755,3.24E-14,1.15E-09,1.25E-09,3.54E-13,3.23E-13,4.28E-10,3.73E-15,4.84E-05,0.001773748,0.00456,3.31E-17,8.82E-16,9.33E-16,0.264330891,2.692544849
68,1.31E-91,6.95E-92,4.40E-113,5.28E-130,3.57E-99,2.42E-163,1.90E-18,1.47E-59,1.61E-90,1.61E-90,1.61E-90,1.33E-36,2.00E-39,2.21E-39,2.71E-33,5.57E-34,1.08E-40,1.04E-35,0,0,0,1.06E-32,2.21E-33,2.39E-33,0,11.58517178
69,6.27E-26,1.21E-25,1.48E-26,1.58E-25,4.20E-28,2.31E-24,2.48E-09,2.51E-16,1.11E-27,1.11E-27,1.11E-27,6.09E-12,1.97E-15,2.23E-15,7.56E-11,8.49E-11,8.07E-17,1.25E-15,7.83E-13,1.73E-06,0,2.28E-15,3.57E-16,2.74E-16,0.000876105,2.183775472
70,1.21E-22,2.11E-23,6.06E-24,1.52E-23,2.11E-24,3.89E-23,3.63E-09,5.28E-12,2.03E-22,2.03E-22,2.03E-22,6.42E-12,1.60E-15,1.81E-15,2.42E-10,2.97E-10,6.62E-17,2.15E-16,1.38E-12,4.66E-05,0,4.42E-15,7.74E-16,1.13E-15,1.11E-16,2.180304576
71,0,0,0,0,0,0,2.16E-25,1.81E-84,6.63E-167,6.63E-167,6.63E-167,1.78E-51,1.10E-49,1.24E-49,3.56E-47,6.63E-48,1.10E-50,4.13E-46,0,0,0,3.85E-44,1.49E-45,4.28E-46,0,29.24065984
72,7.43E-09,3.01E-10,2.20E-08,2.08E-08,2.50E-08,1.92E-08,3.55E-06,0.011596709,0.000123535,0.000123535,0.000123535,1.79E-06,6.79E-12,7.17E-12,0.000339301,0.000345284,1.04E-11,5.45E-18,1.89E-07,0.000409326,0,3.80E-10,1.51E-10,8.16E-11,0.178084386,1.368438613
73,1.16E-207,2.92E-224,4.67E-300,0,4.12E-230,0,3.28E-26,4.02E-74,4.83E-142,4.83E-142,4.83E-142,8.23E-57,2.45E-53,3.20E-53,2.87E-46,3.34E-48,6.38E-54,1.57E-49,0,0,0,4.29E-51,3.19E-48,6.40E-48,2.44E-15,37.89388207
74,7.28E-08,7.62E-09,3.21E-07,6.99E-07,2.51E-07,2.53E-06,3.02E-05,0.000100644,0.000147034,0.000147034,0.000147034,0.001405622,3.58E-06,3.73E-06,0.00236679,0.002398355,1.51E-05,6.59E-05,6.03E-06,0.000300518,0.00991,2.72E-08,1.05E-08,1.08E-08,0.081296463,0.79611361
75,7.02E-113,2.48E-118,1.80E-214,1.22E-245,6.21E-188,2.95770590731056e-313,3.10E-17,9.94E-28,3.99E-108,3.99E-108,3.99E-108,1.92E-38,2.08E-40,2.62E-40,1.19E-35,3.49E-36,5.67E-41,7.40E-33,0,0,0,7.80E-29,1.52E-30,5.94E-31,0,12.77529544
76,4.48E-08,1.11E-09,2.56E-09,2.56E-09,2.86E-09,2.56E-09,5.41E-10,0.002562025,5.18E-06,5.18E-06,5.18E-06,3.28E-19,1.89E-19,2.34E-19,1.27E-14,1.40E-14,1.99E-20,8.93E-27,1.48E-08,0.000725389,0,1.57E-23,3.51E-21,1.35E-19,0.161260824,3.627141004
77,3.53E-44,3.18E-46,2.59E-48,7.02E-46,7.12E-52,4.08E-43,1.23E-11,9.93E-23,6.19E-54,6.19E-54,6.19E-54,6.65E-20,7.12E-24,8.69E-24,2.71E-17,2.40E-17,1.67E-25,2.21E-21,0,0,0,3.08E-19,2.10E-20,1.26E-20,0,3.856744388
78,1.24E-16,1.41E-18,2.30E-18,6.89E-18,5.53E-19,1.98E-17,2.66E-08,2.58E-09,1.92E-15,1.92E-15,1.92E-15,5.19E-09,1.19E-14,1.33E-14,2.64E-07,2.90E-07,3.09E-14,5.86E-17,3.95E-11,5.18E-05,0,1.75E-13,3.69E-14,5.41E-14,0.001491875,1.704913373
79,6.29E-179,2.88E-191,1.49E-267,6.19E-300,2.80E-236,0,6.22E-21,4.87E-80,7.77E-137,7.77E-137,7.77E-137,2.35E-45,8.81E-46,9.71E-46,4.34E-40,9.12E-41,1.04E-46,5.02E-38,0,0,0,4.78E-36,9.01E-38,3.24E-38,1.22E-15,17.06481941
80,5.99E-296,2.82E-308,0,0,0,0,1.91E-23,1.77E-87,1.91E-165,1.91E-165,1.91E-165,1.23E-49,2.09E-47,2.28E-47,1.47E-45,5.11E-46,1.01E-49,5.52E-42,0,0,0,3.13E-40,3.29E-42,1.37E-42,1.22E-15,22.85611867
81,NA,0.268470041,0.723101582,0.723116558,0.723130761,0.723175858,0.264939287,NA,NA,NA,NA,0.414627737,0.227743514,0.22932139,0.411349227,0.39806739,0.141682117,0.385714612,0.294730559,0.266512953,NA,0.005502106,0.009416186,0.0051078,0.850750429,0.223606798
82,1.42E-39,2.07E-42,1.47E-46,1.27E-52,2.29E-40,2.72E-64,4.09E-15,4.63E-23,3.74E-39,3.74E-39,3.74E-39,7.08E-28,1.87E-28,2.13E-28,2.11E-22,6.42E-22,1.17E-29,3.98E-34,0,3.63E-05,0,3.54E-28,4.87E-28,1.65E-26,8.75E-14,5.972718818
83,2.65E-161,7.72E-172,7.74E-197,1.21E-195,5.53E-199,3.47E-194,1.85E-19,1.23E-82,3.35E-131,3.35E-131,3.35E-131,6.12E-40,8.40E-42,1.14E-41,6.33E-37,2.32E-37,2.16E-41,4.59E-34,0,0,0,2.89E-32,3.68E-34,1.69E-34,7.77E-16,12.99041909
84,8.43E-09,1.15E-09,4.54E-08,4.69E-08,4.24E-08,4.75E-08,1.43E-05,0.002254376,0.000153783,0.000153783,0.000153783,7.60E-06,3.95E-07,4.13E-07,0.000403898,0.000411475,8.96E-08,5.04E-10,1.22E-06,0.000404145,0,7.82E-09,3.16E-09,3.74E-09,0.064100668,1.120980287
85,1.62E-83,5.98E-84,4.87E-97,8.60E-104,9.45E-91,1.44E-114,1.81E-17,3.23E-59,7.04E-86,7.04E-86,7.04E-86,5.52E-34,5.28E-36,5.98E-36,1.11E-29,3.95E-30,4.87E-37,1.13E-33,0,0,0,3.82E-30,4.32E-31,3.47E-31,0,9.029285659
86,2.95E-71,6.89E-70,3.75E-82,8.46E-87,1.50E-77,2.25E-94,2.59E-16,1.17E-57,4.17E-77,4.17E-77,4.17E-77,8.00E-33,3.31E-34,3.72E-34,3.23E-26,1.76E-26,2.20E-35,9.17E-32,0,0,0,2.35E-28,3.02E-29,2.50E-29,2.55E-15,7.18954734
87,5.30E-287,3.8947794156377e-313,0,0,0,0,7.14E-27,7.30E-82,1.65E-160,1.65E-160,1.65E-160,6.08E-55,1.07E-53,1.33E-53,7.77E-48,3.47E-49,1.25E-53,1.01E-48,0,0,0,6.90E-48,6.69E-48,7.11E-48,0,34.99534432
88,4.78E-277,1.59E-297,0,0,8.16690512575581e-320,0,1.95E-25,3.32E-80,2.07E-155,2.07E-155,2.07E-155,7.56E-53,1.41E-49,1.62E-49,2.29E-46,2.20E-47,8.66E-51,9.97E-46,0,0,0,4.05E-44,3.98E-45,3.90E-45,0,27.93237989
89,2.22E-17,3.65E-20,2.94E-22,3.28E-23,1.99E-21,5.08E-25,1.13E-10,6.92E-09,5.34E-16,5.34E-16,5.34E-16,6.93E-13,1.74E-18,1.91E-18,9.55E-12,1.18E-11,2.70E-19,3.78E-18,5.17E-13,9.84E-05,0,3.37E-18,1.47E-18,4.89E-18,0.002006104,2.457478023
90,5.19E-103,9.72E-99,1.98E-131,5.49E-173,7.03E-103,1.79E-305,5.57E-21,1.43E-55,5.49E-95,5.49E-95,5.49E-95,2.32E-41,2.76E-43,3.29E-43,4.59E-38,2.72E-39,1.88E-44,3.75E-42,0,0,0,1.37E-40,8.50E-39,8.67E-39,0,17.68473505
91,1.11E-12,9.66E-14,3.02E-11,6.14E-11,1.01E-11,1.29E-10,2.01E-06,2.10E-05,5.51E-09,5.51E-09,5.51E-09,2.70E-06,3.14E-09,3.35E-09,0.000101893,0.000105365,3.12E-09,1.99E-13,6.13E-09,0.000100173,0,7.67E-10,2.21E-10,2.44E-10,0.039819535,1.220187923
92,7.27E-18,2.31E-18,1.13E-24,9.48E-25,1.62E-24,5.45E-25,2.54E-07,0.002903997,1.61E-21,1.61E-21,1.61E-21,5.90E-10,5.21E-14,5.80E-14,1.43E-08,1.66E-08,7.91E-16,5.51E-13,2.66E-10,5.01E-05,0,8.85E-12,1.88E-12,1.62E-12,0.006075522,1.916505975
93,0,0,0,0,0,0,4.02E-25,3.06E-105,6.05E-218,6.05E-218,6.05E-218,5.10E-55,7.95E-50,8.78E-50,2.11E-49,2.96E-49,1.54E-48,1.06E-45,0,0,0,1.80E-43,9.78E-46,8.47E-46,1.15E-14,28.24484392
94,7.63E-08,1.17E-08,1.05E-08,1.66E-08,6.93E-09,4.63E-08,1.39E-05,0.000263269,0.000234039,0.000234039,0.000234039,6.46E-06,1.02E-05,1.05E-05,4.23E-05,4.33E-05,1.98E-06,1.24E-06,2.71E-06,0.000649396,0.00258,5.60E-09,2.71E-09,1.33E-09,0.05466632,1.092283013
95,1.58E-66,1.16E-62,1.31E-77,3.63E-89,2.06E-67,3.48E-111,4.18E-17,5.60E-47,1.33E-70,1.33E-70,1.33E-70,3.40E-32,1.53E-36,1.74E-36,1.61E-27,1.04E-27,2.50E-37,5.93E-36,0,0,0,1.60E-32,3.56E-32,6.74E-32,9.99E-16,8.360322205
96,8.58E-09,1.98E-10,5.86E-11,8.45E-11,2.92E-11,1.77E-10,2.53E-06,3.37E-05,7.04E-06,7.04E-06,7.04E-06,1.28E-05,3.28E-09,3.49E-09,4.20E-05,4.31E-05,3.58E-10,1.78E-07,3.56E-07,0.000388601,0,3.51E-10,1.46E-10,6.57E-11,0.082831755,1.154722305
97,6.86E-19,2.25E-19,8.19E-20,1.39E-18,7.84E-22,2.64E-17,2.55E-07,1.39E-07,2.30E-21,2.30E-21,2.30E-21,5.47E-08,1.08E-10,1.17E-10,1.16E-06,1.23E-06,6.20E-12,8.56E-12,1.58E-10,1.55E-05,0,6.73E-12,1.34E-12,1.03E-12,1.89E-15,1.439383661
98,1.63E-07,7.63E-09,1.12E-08,1.12E-08,1.12E-08,1.12E-08,5.80E-09,0.004493988,1.77E-05,1.77E-05,1.77E-05,6.04E-17,1.33E-18,1.61E-18,1.00E-14,1.09E-14,8.16E-19,1.11E-26,9.89E-08,0.000894646,0,5.61E-24,3.33E-21,4.83E-20,0.173982636,3.704891232
99,2.03E-14,5.26E-17,2.96E-18,1.57E-18,4.26E-18,3.57E-19,6.48E-10,5.47E-07,1.02E-12,1.02E-12,1.02E-12,2.88E-12,1.13E-16,1.23E-16,1.24E-10,1.44E-10,7.26E-18,9.18E-15,1.17E-11,0.000162349,0,6.62E-17,3.49E-17,1.37E-16,0.04640318,2.147761351
100,0.000151098,7.81E-06,7.38E-05,8.45E-05,6.63E-05,9.43E-05,0.000160263,0.014969832,0.070162776,0.070162776,0.070162776,0.002248378,3.07E-05,3.17E-05,0.00257518,0.002574649,1.16E-05,0.001056677,6.76E-05,0.002063903,0.02388,4.03E-07,2.53E-07,2.16E-07,0.233059485,0.728933133
101,9.42E-114,6.32E-116,1.51E-143,8.07E-173,2.38E-120,1.54E-241,7.13E-21,3.99E-61,1.85E-103,1.85E-103,1.85E-103,1.21E-40,6.06E-43,6.93E-43,1.67E-37,1.45E-38,6.17E-44,2.85E-40,0,0,0,2.12E-37,1.92E-37,3.13E-37,0,16.0025005
102,0.000144242,8.97E-06,3.24E-05,3.69E-05,2.93E-05,4.03E-05,0.000175203,0.020246823,0.075701516,0.075701516,0.075701516,0.001578004,3.25E-05,3.35E-05,0.001696657,0.001693761,3.54E-05,0.000947519,7.56E-05,0.00238342,0.03995,5.52E-07,3.59E-07,2.98E-07,0.236254409,0.753195118
103,1.01E-137,3.15E-146,4.06E-185,1.08E-231,5.82E-153,0,1.24E-21,4.29E-69,5.64E-119,5.64E-119,5.64E-119,2.22E-45,1.19E-46,1.39E-46,2.15E-39,1.66E-40,2.23E-47,1.13E-40,0,0,0,1.18E-38,3.72E-39,6.59E-39,9.44E-15,18.13179258
104,2.87E-07,1.57E-08,1.35E-08,1.35E-08,1.35E-08,1.35E-08,1.28E-08,0.005684541,2.81E-05,2.81E-05,2.81E-05,9.54E-22,3.71E-19,4.59E-19,2.06E-17,2.34E-17,3.75E-20,1.23E-27,2.14E-07,0.000962003,0,5.50E-27,1.17E-22,1.47E-21,0.17368033,4.398050313
105,5.63E-124,1.79E-131,6.68E-159,1.54E-187,3.18E-136,4.76E-256,4.58E-21,2.99E-67,7.35E-112,7.35E-112,7.35E-112,9.38E-44,1.97E-44,2.26E-44,1.86E-37,1.98E-38,8.33E-44,2.74E-39,0,0,0,2.93E-37,9.28E-38,8.04E-38,5.22E-15,15.18396995
106,7.03E-51,2.74E-49,9.74E-58,2.77E-63,7.15E-52,5.03E-72,2.54E-15,4.46E-37,1.69E-52,1.69E-52,1.69E-52,3.25E-26,9.08E-31,9.97E-31,1.84E-23,2.07E-23,8.70E-32,3.69E-33,0,0,0,2.49E-27,1.34E-27,2.03E-27,0,6.127668842
107,0.015830372,0.001035545,0.001045583,0.001045678,0.001044651,0.001045423,0.00102246,0.239945734,0.430425781,0.430425781,0.430425781,0.00349769,1.93E-05,2.00E-05,0.003714094,0.003505523,2.90E-05,0.002738809,0.041102001,0.011215889,0.26232,6.81E-07,8.31E-07,9.05E-07,0.457124117,0.708614734
108,4.00E-215,6.39E-224,2.69E-281,3.48E-298,6.24E-267,0,1.40E-21,5.68E-85,2.22E-147,2.22E-147,2.22E-147,6.59E-46,1.07E-45,1.17E-45,2.46E-41,6.68E-42,4.59E-46,2.57E-38,0,0,0,4.44E-37,5.78E-39,3.05E-39,0,17.63879285
109,4.21E-06,6.57E-07,6.49E-07,6.48E-07,6.46E-07,6.49E-07,6.18E-07,0.020021429,0.00073949,0.00073949,0.00073949,8.40E-26,5.74E-14,6.88E-14,3.15E-21,3.09E-21,3.31E-14,2.65E-29,1.14E-05,0.001390328,0,2.98E-35,6.72E-24,1.07E-22,0.209565328,7.619026959
110,6.14E-27,9.69E-28,1.45E-28,8.32E-28,1.06E-29,5.63E-27,6.50E-10,7.06E-18,6.64E-30,6.64E-30,6.64E-30,3.84E-14,1.36E-18,1.57E-18,6.08E-11,6.98E-11,4.87E-19,4.87E-19,1.25E-13,0,0,1.41E-16,2.05E-17,1.93E-17,1.67E-15,2.346125807
111,9.29E-10,8.54E-11,1.70E-07,1.66E-07,1.77E-07,1.59E-07,2.12E-05,0.01351088,3.41E-05,3.41E-05,3.41E-05,2.11E-05,1.69E-07,1.77E-07,0.002642657,0.002678489,6.13E-08,1.71E-13,2.65E-07,0.000264249,0,3.63E-08,1.33E-08,1.38E-08,0.04759337,NA
112,1.39E-30,1.24E-33,6.60E-36,5.49E-39,5.46E-33,3.10E-45,1.07E-12,1.38E-20,2.69E-31,2.69E-31,2.69E-31,1.19E-19,4.79E-22,5.16E-22,1.26E-16,2.37E-16,6.53E-25,1.22E-25,1.24E-16,4.66E-05,0,2.72E-22,7.77E-23,4.19E-22,1.67E-15,3.54909073
113,1.98E-181,4.16E-195,5.77E-251,1.50E-299,1.01E-210,0,2.43E-23,2.55E-75,4.83E-135,4.83E-135,4.83E-135,2.26E-48,1.73E-48,2.02E-48,4.77E-42,3.48E-43,9.09E-50,2.84E-42,0,0,0,7.54E-42,2.07E-42,1.13E-42,2.22E-16,20.57964071
114,3.64E-54,9.62E-52,8.61E-62,9.36E-70,2.56E-54,1.18E-83,7.82E-16,8.15E-38,1.98E-55,1.98E-55,1.98E-55,5.20E-31,1.94E-31,2.14E-31,2.02E-24,2.15E-24,1.90E-33,4.99E-34,0,0,0,5.12E-29,4.97E-29,9.15E-29,0,6.522525406
115,8.47E-73,1.21E-74,4.12E-83,1.29E-83,1.03E-82,1.65E-84,9.46E-16,5.62E-61,1.20E-78,1.20E-78,1.20E-78,3.12E-29,4.45E-32,5.80E-32,1.52E-25,9.18E-26,4.94E-34,1.41E-29,0,0,0,5.97E-27,3.65E-28,2.53E-28,0,6.724382855
116,7.31E-148,1.90E-155,4.50E-193,5.47E-244,3.57E-158,0,6.47E-23,7.58E-69,1.10E-121,1.10E-121,1.10E-121,5.88E-48,2.87E-47,3.40E-47,1.55E-40,7.79E-42,4.12E-48,4.79E-43,0,0,0,1.71E-41,3.14E-41,7.60E-41,8.88E-16,19.9221852
117,1.36E-59,4.13E-56,6.13E-67,2.79E-71,1.15E-62,2.07E-77,1.47E-15,2.68E-48,3.76E-64,3.76E-64,3.76E-64,2.19E-27,4.39E-32,4.84E-32,1.24E-24,8.68E-25,1.15E-33,7.43E-32,0,0,0,5.11E-28,1.48E-28,8.43E-29,2.22E-16,6.578892867
118,3.85E-159,2.30E-169,1.38E-207,2.95E-237,3.08E-182,1.45E-304,3.26E-22,1.14E-70,1.67E-124,1.67E-124,1.67E-124,7.05E-43,2.13E-44,2.37E-44,8.00E-40,8.76E-41,2.64E-44,1.35E-40,0,0,0,7.23E-39,9.77E-40,4.54E-40,3.00E-15,17.49687212
119,0.00403893,0.000466499,0.000456967,0.000456964,0.000455561,0.000456924,0.000446366,0.162039641,0.30100617,0.30100617,0.30100617,0.001259379,3.14E-05,3.22E-05,0.00129742,0.001241526,1.81E-05,0.00094415,0.022779184,0.008165803,0.06788,7.84E-07,8.03E-07,8.64E-07,0.41541833,0.784217924
120,4.60E-200,8.50E-212,6.37E-248,3.00E-258,5.97E-238,2.26E-274,8.21E-22,7.34E-79,4.51E-140,4.51E-140,4.51E-140,5.10E-44,1.11E-43,1.23E-43,2.31E-40,5.58E-41,6.38E-45,5.17E-39,0,0,0,2.53E-36,4.39E-38,2.73E-38,0,17.23198485
121,3.52E-113,7.54E-120,1.06E-146,8.62E-161,1.55E-133,9.00E-189,5.45E-19,1.52E-69,3.95E-108,3.95E-108,3.95E-108,1.14E-39,1.12E-41,1.23E-41,2.15E-34,4.99E-35,6.64E-43,3.34E-35,0,0,0,6.03E-33,3.16E-34,3.25E-34,7.77E-16,12.18494344
122,1.06E-36,8.70E-38,1.12E-42,2.20E-44,2.16E-40,9.51E-47,1.24E-12,7.92E-21,1.06E-39,1.06E-39,1.06E-39,6.97E-25,2.76E-27,2.98E-27,1.50E-17,2.03E-17,4.99E-28,6.34E-28,0,0,0,7.19E-22,1.23E-22,2.43E-22,0,4.175328182
123,1.55E-25,6.53E-27,2.44E-27,6.49E-27,6.50E-28,1.93E-26,7.55E-10,7.84E-14,1.13E-27,1.13E-27,1.13E-27,2.49E-14,1.85E-18,2.14E-18,5.08E-11,6.08E-11,8.34E-18,1.95E-19,1.75E-13,1.04E-05,0,2.98E-16,4.47E-17,5.97E-17,4.77E-15,2.368599577
124,1.85E-94,5.09E-96,7.62E-114,3.09E-125,4.68E-104,6.04E-147,1.75E-18,1.52E-63,4.39E-95,4.39E-95,4.39E-95,1.30E-39,5.72E-40,6.31E-40,1.87E-32,4.55E-33,1.05E-40,4.62E-35,0,0,0,2.79E-32,3.71E-33,2.67E-33,0,10.73716027
125,4.19E-187,1.10E-201,7.13E-261,5.92878775009496e-323,1.06E-212,0,2.04E-24,5.31E-74,8.67E-137,8.67E-137,8.67E-137,2.05E-51,3.65E-50,4.42E-50,2.21E-43,8.63E-45,1.17E-51,2.45E-45,0,0,0,2.31E-45,8.48E-45,9.84E-45,3.33E-16,25.15059695
126,8.62E-39,3.80E-39,1.42E-44,1.41E-43,3.11E-46,2.13E-42,1.89E-11,8.82E-18,9.81E-47,9.81E-47,9.81E-47,2.05E-18,1.19E-22,1.44E-22,2.65E-15,2.59E-15,1.33E-20,3.51E-21,7.76E-16,0,0,2.01E-19,1.92E-20,1.00E-20,0,3.230777867
127,2.81E-164,8.30E-178,9.91E-214,1.98E-222,1.02E-203,1.57E-236,6.06E-21,1.10E-77,7.62E-131,7.62E-131,7.62E-131,3.86E-41,6.50E-43,7.13E-43,1.04E-37,2.54E-38,1.86E-42,5.39E-37,0,0,0,1.58E-35,3.81E-37,1.25E-37,1.11E-15,14.23010936
128,1.90E-15,2.34E-16,4.50E-16,2.87E-15,3.11E-17,1.90E-14,6.77E-07,1.21E-10,2.52E-15,2.52E-15,2.52E-15,9.95E-07,2.70E-09,2.89E-09,2.38E-05,2.52E-05,3.64E-10,8.29E-12,9.00E-10,5.01E-05,0,6.92E-11,1.64E-11,1.67E-11,4.44E-16,1.240363403
129,2.31E-110,5.50E-114,1.63E-137,1.21E-157,3.63E-121,2.53E-201,1.05E-19,2.56E-65,2.48E-104,2.48E-104,2.48E-104,8.33E-37,3.13E-40,3.43E-40,1.11E-33,2.41E-34,2.83E-41,7.00E-37,0,0,0,7.28E-35,1.32E-35,1.55E-35,2.89E-15,11.51558706
130,0,0,0,0,0,0,4.50E-26,3.45E-98,5.83E-207,5.83E-207,5.83E-207,4.46E-52,3.13E-50,3.42E-50,1.35E-50,1.54E-50,9.33E-52,2.89E-47,0,0,0,1.23E-44,1.03E-46,8.63E-47,8.77E-15,31.41275072
131,9.24E-242,1.68E-258,1.14339636154456e-318,0,7.35E-292,0,4.08E-23,7.21E-84,8.15E-155,8.15E-155,8.15E-155,3.66E-49,4.71E-48,5.26E-48,5.05E-43,1.02E-43,2.25E-49,7.75E-42,0,0,0,1.35E-40,3.33E-42,2.61E-42,5.55E-16,21.49240679
132,1.28E-34,2.42E-36,5.28E-38,9.93E-36,1.62E-41,3.42E-33,3.27E-10,3.27E-15,1.28E-43,1.28E-43,1.28E-43,1.20E-16,1.31E-20,1.56E-20,3.53E-13,3.47E-13,7.67E-21,4.42E-18,4.99E-15,0,0,7.74E-17,7.09E-18,4.04E-18,4.66E-15,2.799805462
133,3.22E-184,2.99E-199,2.03E-242,8.52E-256,2.98E-229,2.42E-279,3.31E-21,8.64E-81,8.78E-140,8.78E-140,8.78E-140,7.21E-44,1.74E-44,1.89E-44,3.84E-39,9.82E-40,1.20E-45,3.00E-38,0,0,0,1.42E-36,2.71E-38,1.06E-38,3.33E-16,16.33432776
134,5.26E-158,1.51E-165,5.39E-192,2.22E-188,2.12E-197,1.55E-183,5.45E-19,1.89E-75,5.96E-128,5.96E-128,5.96E-128,7.55E-41,7.08E-40,9.90E-40,1.10E-36,4.52E-37,8.62E-42,1.63E-33,0,0,0,2.04E-31,2.52E-33,1.14E-33,5.55E-16,12.81814804
135,0.000525161,6.38E-05,6.04E-05,6.04E-05,6.03E-05,6.04E-05,5.83E-05,0.086077419,0.067789059,0.067789059,0.067789059,1.24E-06,0.000144289,0.000148225,2.15E-06,1.97E-06,0.000220545,6.19E-07,0.002271163,0.003772021,0.00744,2.68E-09,3.84E-09,3.39E-09,0.45926793,1.28707092
136,0,0,0,0,0,0,1.32E-23,3.93E-95,1.09E-185,1.09E-185,1.09E-185,1.59E-52,2.83E-47,3.28E-47,6.97E-47,5.37E-47,8.29E-49,3.88E-42,0,0,0,1.86E-38,9.94E-41,3.88E-41,3.66E-15,23.08405868
137,3.12E-45,7.82E-46,7.52E-50,2.09E-48,4.62E-52,8.93E-47,1.88E-12,6.26E-44,6.40E-53,6.40E-53,6.40E-53,1.26E-17,2.59E-21,3.09E-21,1.97E-16,1.81E-16,3.97E-22,2.23E-21,0,0,0,6.11E-21,5.17E-22,3.34E-22,2.22E-16,3.259699434
138,0.5018623,0.122802013,0.394835914,0.39499786,0.395030518,0.395374128,0.114897561,0.881926878,0.190640864,0.190640864,0.190640864,0.208335869,0.458352784,0.459907853,0.215554894,0.205341547,0.253934274,0.183785365,0.311185906,0.139478411,0.47675,0.001200876,0.001806592,0.001078859,0.898869717,0.324384287
139,3.21E-45,3.05E-47,6.38E-50,2.51E-47,6.13E-54,2.15E-44,1.11E-11,4.72E-22,1.43E-55,1.43E-55,1.43E-55,7.07E-21,4.07E-24,4.97E-24,5.76E-17,5.14E-17,2.35E-23,6.11E-21,0,0,0,2.96E-19,1.93E-20,1.13E-20,5.00E-15,3.701183325
140,2.28E-22,1.93E-23,8.22E-24,4.16E-23,7.94E-25,3.05E-22,7.68E-09,6.71E-11,2.32E-24,2.32E-24,2.32E-24,1.63E-11,1.93E-16,2.19E-16,6.72E-09,7.64E-09,5.43E-16,5.76E-17,2.91E-12,1.55E-05,0,1.40E-14,2.29E-15,2.24E-15,8.88E-16,1.965527653
141,2.16E-41,8.56E-42,5.81E-50,3.60E-55,1.95E-44,1.64E-63,5.66E-14,1.36E-22,4.97E-43,4.97E-43,4.97E-43,1.13E-24,1.83E-29,2.02E-29,9.27E-22,1.39E-21,1.49E-30,6.71E-32,0,1.73E-06,0,3.32E-24,9.23E-25,2.62E-24,0.00040562,5.667057429
142,1.68E-254,2.01E-274,0,0,1.29E-300,0,2.67E-24,4.22E-83,9.69E-155,9.69E-155,9.69E-155,1.60E-48,2.56E-49,2.92E-49,2.64E-44,3.63E-45,3.85E-49,6.35E-43,0,0,0,7.20E-42,3.00E-43,2.53E-43,1.78E-15,22.58945689
143,0.250975832,0.037424253,0.115522746,0.115752884,0.115815763,0.116255955,0.031550454,0.643678262,0.825089612,0.825089612,0.825089612,0.095605916,0.001027514,0.001064305,0.096744503,0.092155121,0.001743648,0.084271564,0.221437895,0.062134715,0.51919,8.57E-05,0.000123857,8.10E-05,0.591012549,0.409279074
144,5.89E-37,4.36E-37,1.50E-42,1.39E-43,2.23E-41,5.25E-45,3.77E-12,1.17E-19,3.23E-41,3.23E-41,3.23E-41,1.88E-19,6.05E-25,7.37E-25,3.28E-17,3.72E-17,5.55E-25,6.65E-26,2.45E-16,0,0,4.98E-21,7.72E-22,7.63E-22,7.49E-07,3.957613973
145,2.56E-12,1.65E-12,1.80E-11,3.60E-10,2.37E-13,7.35E-09,9.29E-06,7.55E-08,4.26E-10,4.26E-10,4.26E-10,0.000229887,5.96E-06,6.22E-06,0.000480258,0.000495084,3.98E-06,2.06E-05,3.16E-07,3.80E-05,0.0014,4.65E-09,1.29E-09,1.01E-09,3.33E-16,0.909260695
146,8.49E-19,4.79E-21,1.47E-22,1.55E-22,1.43E-22,1.36E-22,2.47E-09,5.62E-09,7.34E-18,7.34E-18,7.34E-18,3.49E-12,8.31E-18,8.96E-18,1.95E-09,2.32E-09,3.39E-17,1.33E-20,4.64E-12,5.18E-05,0,2.95E-15,5.90E-16,1.23E-15,0.005096378,2.195650897
147,NA,0.221025778,0.630895164,0.630929407,0.630927586,0.630998181,0.21448154,NA,0.901779745,0.901779745,0.901779745,0.42796233,0.007055829,0.007308037,0.445690634,0.429323817,0.004469728,0.398475747,0.272571078,0.231132988,0.50181,0.001174055,0.002656325,0.001113615,0.696637718,0.223606798
148,4.03E-232,3.73E-239,3.32E-268,8.50E-260,2.60E-280,4.22E-250,7.60E-21,3.12E-92,1.12E-160,1.12E-160,1.12E-160,4.23E-44,3.73E-43,5.37E-43,7.85E-40,4.31E-40,8.61E-43,8.79E-37,0,0,0,1.59E-35,1.13E-37,4.16E-38,9.99E-16,15.76098229
149,2.48E-198,5.26E-216,1.20E-278,0,3.83E-228,0,8.71E-25,1.03E-72,9.56E-137,9.56E-137,9.56E-137,3.03E-51,1.73E-48,2.02E-48,2.29E-44,8.95E-46,4.53E-49,1.93E-45,0,0,0,4.74E-45,8.35E-45,3.23E-45,0,26.14906917
150,2.97E-137,6.10E-140,9.58E-178,8.93E-228,4.77E-140,0,3.45E-23,1.15E-62,1.87E-113,1.87E-113,1.87E-113,1.22E-46,2.40E-46,2.88E-46,2.10E-41,5.20E-43,2.33E-47,4.03E-45,0,0,0,3.14E-44,2.54E-42,5.32E-42,7.44E-15,23.34455432
151,9.59E-23,2.54E-25,4.83E-26,2.12E-26,1.74E-25,5.80E-27,7.86E-11,5.43E-17,1.07E-22,1.07E-22,1.07E-22,4.53E-16,7.71E-19,8.34E-19,1.36E-12,1.97E-12,5.13E-21,2.93E-23,4.35E-14,5.01E-05,0,3.17E-18,6.82E-19,1.65E-18,0,2.800292319
152,NA,0.269359064,0.706920636,0.706939296,0.70695115,0.707001415,0.26493928,NA,NA,NA,NA,0.414627737,0.188993456,0.190640864,0.428050373,0.413191405,0.1053338,0.392298089,0.295428326,0.266512953,0.38782,0.004881892,0.008670173,0.004571821,0.83826162,0.223606798
153,3.14E-36,7.45E-37,1.69E-39,7.22E-38,4.63E-42,4.91E-36,4.18E-11,2.57E-29,6.94E-43,6.94E-43,6.94E-43,5.03E-15,7.16E-20,8.42E-20,8.35E-14,8.30E-14,1.45E-21,1.76E-19,2.04E-15,0,0,2.21E-18,2.27E-19,1.35E-19,0,2.785480582
154,7.41E-113,8.90E-116,5.41E-148,1.08E-181,4.97E-123,3.97E-271,1.95E-20,4.25E-62,1.22E-102,1.22E-102,1.22E-102,8.98E-41,6.19E-43,7.04E-43,2.05E-37,1.90E-38,1.74E-44,5.06E-39,0,0,0,4.83E-37,2.96E-37,3.11E-37,0,15.45331568
155,8.01E-22,4.67E-23,3.54E-25,8.66E-25,1.20E-25,2.17E-24,9.57E-09,4.54E-07,1.01E-23,1.01E-23,1.01E-23,1.36E-12,1.65E-17,1.89E-17,3.06E-09,3.57E-09,4.32E-17,2.91E-18,3.76E-12,2.42E-05,0,1.96E-14,3.26E-15,3.79E-15,7.77E-16,2.132794467
156,0.002736879,0.00025997,0.000942146,0.000893149,0.000953766,0.0008739,0.000501643,0.12640213,0.308394657,0.308394657,0.308394657,0.00634772,0.00010708,0.000109607,0.005476214,0.005370364,0.000159322,0.002781244,0.00839341,0.006749568,0.17289,2.33E-06,2.02E-06,2.06E-06,0.371093368,0.677126123
157,8.77E-180,7.67E-195,3.25E-245,8.63E-287,3.45E-212,0,1.44E-22,5.40E-77,1.05E-135,1.05E-135,1.05E-135,9.09E-48,2.36E-47,2.69E-47,4.56E-41,5.15E-42,2.53E-48,4.59E-41,0,0,0,1.54E-40,1.69E-41,5.71E-42,2.22E-16,19.43761508
158,0,0,0,0,0,0,1.66E-28,2.15E-83,1.42E-170,1.42E-170,1.42E-170,8.39E-61,1.21E-53,1.46E-53,8.73E-51,5.55E-52,4.16E-55,7.51E-52,0,0,0,4.70E-53,6.54E-52,3.74E-52,0,46.16212463
159,0.018606762,0.00133599,0.009195264,0.008977329,0.00900632,0.00910435,0.001177953,0.236295156,0.554494436,0.554494436,0.554494436,0.022434769,0.000337732,0.000345702,0.023961351,0.023375164,0.000556864,0.017065631,0.033017014,0.011951641,0.29904,1.19E-05,1.12E-05,1.14E-05,0.440843606,0.537390387
160,1.08E-219,9.92E-236,1.92E-289,3.8043054729776e-322,3.51E-260,0,2.68E-23,1.21E-77,1.70E-143,1.70E-143,1.70E-143,1.28E-47,7.30E-46,8.06E-46,2.52E-42,3.93E-43,1.06E-47,7.81E-42,0,0,0,4.30E-40,1.80E-41,1.40E-41,2.89E-15,20.22243104
161,9.70E-186,4.69E-200,1.80E-254,1.01E-283,5.53E-227,0,2.79E-22,3.14E-75,2.79E-135,2.79E-135,2.79E-135,9.53E-47,2.96E-45,3.27E-45,3.60E-41,5.15E-42,1.71E-46,8.60E-41,0,0,0,4.24E-39,2.16E-40,8.99E-41,0,19.37655436
162,4.27E-10,6.33E-11,2.67E-11,9.11E-11,4.76E-12,4.04E-10,1.23E-05,0.00324944,3.79E-07,3.79E-07,3.79E-07,6.59E-06,4.70E-07,4.92E-07,0.000129485,0.000133124,2.89E-08,3.77E-08,3.97E-07,0.000224525,0,9.57E-09,3.36E-09,3.61E-09,0.035961077,1.14450502
163,1.02E-91,1.08E-88,2.43E-109,4.50E-129,6.14E-94,2.48E-173,5.23E-19,2.45E-56,6.29E-89,6.29E-89,6.29E-89,9.42E-35,4.36E-38,4.80E-38,6.42E-32,1.62E-32,5.15E-40,3.33E-37,0,0,0,3.98E-34,2.67E-34,1.44E-34,0,10.52847102
164,6.44E-57,9.12E-55,5.72E-64,8.96E-67,2.79E-61,1.13E-70,6.36E-15,6.15E-44,2.54E-62,2.54E-62,2.54E-62,1.26E-25,1.03E-30,1.28E-30,2.08E-23,1.56E-23,1.19E-31,5.81E-30,0,0,0,3.03E-26,4.99E-27,2.18E-27,0,5.926110383
165,6.36E-77,5.29E-71,6.34E-89,1.16E-101,2.01E-77,7.61E-125,5.51E-18,3.17E-50,2.26E-77,2.26E-77,2.26E-77,5.84E-33,5.91E-37,6.60E-37,2.34E-30,8.52E-31,1.24E-38,9.64E-37,0,0,0,2.33E-33,3.85E-33,1.50E-33,0,9.78332568
166,1.01E-87,8.62E-87,9.10E-109,3.22E-126,1.05E-94,1.90E-167,3.57E-18,5.50E-54,4.51E-87,4.51E-87,4.51E-87,2.82E-35,8.68E-39,9.57E-39,1.40E-32,3.20E-33,9.26E-40,4.43E-35,0,0,0,4.29E-32,9.24E-33,5.74E-33,0,10.81828538
167,2.82E-32,5.46E-36,2.06E-38,4.57E-41,2.98E-35,3.57E-45,2.02E-13,2.54E-21,5.49E-33,5.49E-33,5.49E-33,5.07E-23,1.10E-26,1.24E-26,1.06E-17,2.22E-17,1.52E-27,4.81E-30,0,3.80E-05,0,1.27E-23,3.78E-24,2.01E-23,2.55E-15,4.348098543
168,5.79E-297,6.75325475084832e-313,0,0,0,0,1.96E-24,2.94E-84,3.04E-163,3.04E-163,3.04E-163,2.62E-50,9.13E-48,1.01E-47,2.15E-45,5.07E-46,2.98E-49,5.25E-44,0,0,0,5.46E-42,1.18E-43,3.27E-44,7.77E-16,24.84075033
169,0.258977531,0.037634127,0.332999112,0.333177621,0.333201163,0.333633703,0.031550454,0.649180167,0.825089612,0.825089612,0.825089612,0.18957023,0.00394477,0.004045893,0.187797076,0.183010546,0.004292613,0.173836113,0.202764694,0.055941278,0.48981,0.000261807,0.000322643,0.000228967,0.576847315,0.3160685
170,1.11E-35,6.66E-37,5.20E-41,9.97E-39,1.51E-44,3.19E-36,5.87E-10,1.67E-09,5.19E-44,5.19E-44,5.19E-44,2.44E-16,2.53E-21,3.02E-21,1.67E-14,1.59E-14,4.40E-22,2.77E-18,7.90E-15,0,0,2.73E-16,2.47E-17,1.50E-17,0,3.164017731
171,1.19E-117,2.04E-124,1.62E-149,2.40E-170,8.37E-131,5.16E-216,3.17E-20,1.46E-67,2.02E-108,2.02E-108,2.02E-108,1.14E-42,5.86E-42,6.50E-42,1.36E-34,2.73E-35,4.76E-44,5.46E-37,0,0,0,8.12E-35,9.95E-36,7.09E-36,2.00E-15,11.78439203
172,0,0,0,0,0,0,2.22E-26,1.20E-93,3.21E-194,3.21E-194,3.21E-194,7.18E-55,2.73E-51,3.06E-51,1.28E-50,7.86E-51,8.51E-52,4.22E-48,0,0,0,9.93E-45,1.25E-46,7.20E-47,4.44E-16,34.0387389
173,2.75E-20,1.96E-21,1.14E-21,1.71E-21,7.45E-22,2.24E-21,2.12E-09,8.99E-16,1.33E-18,1.33E-18,1.33E-18,6.30E-12,2.07E-15,2.32E-15,8.01E-10,9.80E-10,1.07E-15,3.57E-19,2.13E-12,5.18E-05,0,4.20E-15,8.52E-16,1.30E-15,2.71E-11,2.131429886
174,0,0,0,0,0,0,4.42E-24,9.74E-97,6.28E-189,6.28E-189,6.28E-189,2.68E-48,1.55E-48,1.68E-48,2.22E-46,1.45E-46,9.85E-48,1.65E-42,0,0,0,6.98E-40,4.08E-42,2.94E-42,1.67E-15,23.15327567
175,1.68E-27,2.72E-30,7.84E-32,1.60E-33,9.13E-30,4.76E-36,1.77E-12,9.68E-19,1.83E-27,1.83E-27,1.83E-27,2.17E-21,8.96E-24,9.89E-24,2.75E-16,5.47E-16,1.02E-24,4.29E-29,1.35E-15,5.01E-05,0,2.35E-21,6.39E-22,2.46E-21,0,3.959796077
176,1.24E-282,2.28E-294,0,0,0,0,5.71E-24,6.66E-84,1.17E-159,1.17E-159,1.17E-159,1.69E-48,1.71E-47,1.88E-47,6.21E-45,1.45E-45,1.78E-49,6.88E-43,0,0,0,2.29E-41,4.64E-43,1.33E-43,1.11E-16,23.36888699
177,8.15E-259,1.19E-269,0,0,1.49428672387747e-318,0,1.80E-22,1.15E-85,7.87E-157,7.87E-157,7.87E-157,4.63E-49,8.52E-46,9.36E-46,1.59E-43,5.45E-44,2.21E-47,8.30E-40,0,0,0,1.56E-37,1.47E-39,5.21E-40,2.22E-16,19.63199659
178,3.56E-292,2.39078366022579e-319,0,0,0,0,1.52E-26,1.29E-82,3.53E-161,3.53E-161,3.53E-161,1.26E-52,2.08E-53,2.55E-53,1.34E-47,7.86E-49,9.13E-54,1.42E-47,0,0,0,1.53E-45,2.83E-46,3.11E-46,0,32.22976802
179,1.06E-160,4.98E-171,1.20E-220,2.16E-274,1.20E-178,0,7.59E-23,2.74E-69,2.96E-124,2.96E-124,2.96E-124,3.91E-48,1.51E-46,1.74E-46,1.07E-41,5.79E-43,2.05E-48,1.37E-42,0,0,0,3.77E-41,2.09E-41,1.64E-41,2.22E-16,21.40548966
180,1.89E-15,6.57E-18,3.71E-19,2.56E-19,4.87E-19,1.31E-19,1.13E-09,2.06E-08,8.15E-14,8.15E-14,8.15E-14,3.52E-11,1.09E-16,1.18E-16,8.12E-10,9.33E-10,4.30E-18,7.48E-17,7.99E-12,0.000119171,0,2.91E-16,1.05E-16,2.43E-16,0.035405943,2.115184485
181,1.69E-05,2.37E-06,2.36E-06,2.36E-06,2.35E-06,2.36E-06,2.25E-06,0.031129003,0.002956201,0.002956201,0.002956201,3.21E-14,5.26E-10,5.80E-10,3.76E-13,3.40E-13,1.63E-11,3.75E-15,4.60E-05,0.001773748,0,3.26E-18,1.86E-16,2.07E-16,0.270660532,2.701637481
182,2.11E-27,6.68E-29,9.61E-31,4.57E-31,2.80E-30,1.43E-31,1.53E-10,3.45E-16,6.26E-29,6.26E-29,6.26E-29,4.57E-15,7.91E-19,9.16E-19,1.32E-13,1.76E-13,1.01E-20,5.11E-19,2.32E-14,2.94E-05,0,1.18E-17,1.92E-18,3.32E-18,1.55E-15,2.843319074
183,0.002368284,0.000309327,0.001467399,0.001412589,0.001484265,0.00142159,0.000922822,0.09855128,0.294913075,0.294913075,0.294913075,0.010862698,0.000336403,0.000344181,0.011016551,0.01092442,0.000323252,0.003130909,0.005033167,0.00683247,0.08159,8.95E-06,7.09E-06,7.02E-06,0.370575521,0.629064795
184,9.23E-149,2.71E-159,1.01E-204,5.44E-237,1.53E-177,2.0675155505067e-310,3.21E-21,8.41E-74,6.87E-124,6.87E-124,6.87E-124,1.16E-44,2.31E-45,2.60E-45,5.11E-39,6.56E-40,4.14E-46,1.16E-38,0,0,0,7.03E-37,4.49E-38,2.77E-38,0,16.44960047
185,3.16E-68,1.01E-71,2.04E-92,8.43E-92,4.54E-93,3.74E-91,5.35E-14,3.09E-22,8.14E-78,8.14E-78,8.14E-78,1.06E-28,2.45E-31,3.19E-31,1.30E-25,8.66E-26,4.38E-33,1.27E-25,0,0,0,6.14E-23,2.20E-24,1.07E-24,0,6.619480913
186,5.31E-53,3.79E-53,8.97E-59,8.45E-59,5.62E-59,5.50E-59,7.91E-14,2.34E-35,7.68E-61,7.68E-61,7.68E-61,8.02E-25,3.61E-29,4.59E-29,7.66E-22,5.89E-22,3.61E-29,2.61E-27,0,0,0,7.96E-24,7.24E-25,5.10E-25,1.33E-15,5.419730581
187,0.000224148,1.57E-05,0.000108035,0.000116149,0.000103834,0.000120422,0.000206379,0.019664766,0.087108131,0.087108131,0.087108131,0.002090436,4.02E-05,4.15E-05,0.002940304,0.002933446,1.45E-05,0.00101129,9.95E-05,0.002364421,0.03381,6.33E-07,4.08E-07,3.43E-07,0.265995619,0.733454705
188,3.82E-22,8.54E-23,4.10E-24,4.52E-23,1.70E-25,8.80E-22,4.10E-08,4.08E-08,3.52E-26,3.52E-26,3.52E-26,9.02E-12,8.23E-16,9.34E-16,8.62E-09,9.37E-09,6.28E-16,9.16E-14,1.54E-11,0,0,2.27E-13,3.74E-14,2.68E-14,3.11E-15,1.945907585
189,1.67E-270,1.91E-276,5.73E-306,4.49E-284,0,4.95E-260,7.63E-21,3.66E-109,5.00E-202,5.00E-202,5.00E-202,5.16E-46,1.76E-40,2.50E-40,2.77E-43,4.02E-43,8.27E-41,1.99E-37,0,0,0,3.07E-34,1.42E-36,6.15E-37,3.33E-16,16.78226577
190,6.13E-190,2.02E-205,3.18E-269,0,1.31E-208,0,1.73E-25,2.07E-72,6.01E-138,6.01E-138,6.01E-138,7.11E-55,3.55E-52,4.57E-52,4.30E-45,6.12E-47,2.00E-52,1.90E-49,0,0,0,6.00E-50,3.23E-47,1.97E-46,4.44E-16,37.22634317
191,2.39E-11,4.83E-12,4.29E-12,2.09E-11,4.62E-13,1.06E-10,3.05E-06,2.46E-09,1.14E-07,1.14E-07,1.14E-07,1.64E-06,2.81E-07,2.95E-07,5.87E-06,6.17E-06,4.69E-09,1.59E-07,1.48E-07,0.000170984,0,7.75E-10,2.53E-10,2.82E-10,0.038270274,1.216414715
192,2.84E-177,2.95E-189,6.64E-238,2.78E-255,3.68E-220,1.34E-288,4.65E-21,9.28E-80,1.55E-135,1.55E-135,1.55E-135,2.01E-44,8.01E-45,8.76E-45,2.04E-39,4.40E-40,1.08E-45,6.43E-38,0,0,0,2.79E-36,6.03E-38,2.16E-38,1.11E-15,16.37445752
193,2.84E-47,1.47E-49,3.11E-56,1.26E-63,1.30E-48,8.44E-76,1.51E-15,3.01E-31,6.12E-48,6.12E-48,6.12E-48,5.59E-28,7.35E-33,8.56E-33,4.03E-24,8.29E-24,1.34E-33,5.08E-35,0,0,0,3.45E-29,3.82E-29,9.79E-28,0,6.708242229
194,0,0,0,0,0,0,4.11E-28,8.35E-88,7.67E-182,7.67E-182,7.67E-182,9.62E-60,1.95E-53,2.30E-53,2.00E-51,3.69E-52,8.53E-55,7.40E-51,0,0,0,6.10E-50,1.70E-50,1.40E-50,3.44E-15,41.8656828
195,1.83E-07,2.59E-09,7.69E-09,7.21E-09,7.98E-09,6.15E-09,3.49E-06,0.000947821,0.000163201,0.000163201,0.000163201,1.66E-05,1.14E-08,1.21E-08,2.80E-05,2.85E-05,6.63E-07,9.14E-07,9.52E-07,0.000787565,0.00449,3.63E-10,1.96E-10,1.82E-10,0.110825193,1.133089076
196,9.91E-133,1.63E-142,3.34E-163,9.03E-166,2.14E-160,2.66E-170,2.87E-19,3.32E-73,1.88E-116,1.88E-116,1.88E-116,3.77E-38,3.44E-39,4.76E-39,8.25E-35,2.61E-35,3.45E-40,1.68E-34,0,0,0,8.13E-33,1.98E-34,7.13E-35,5.22E-15,11.85219209
197,2.33E-174,1.83E-179,3.76E-206,8.04E-195,2.03E-222,3.76E-182,4.04E-19,8.68E-85,7.57E-136,7.57E-136,7.57E-136,5.01E-38,6.78E-38,9.36E-38,4.09E-35,2.61E-35,9.08E-39,1.07E-32,0,0,0,1.53E-31,1.53E-33,5.15E-34,0,11.16498968
198,3.67E-82,4.47E-78,2.46E-97,5.64E-112,4.75E-85,1.15E-142,2.43E-18,1.64E-54,2.29E-83,2.29E-83,2.29E-83,1.30E-36,4.52E-39,5.11E-39,9.25E-31,2.94E-31,1.36E-40,3.65E-36,0,0,0,1.75E-32,1.07E-32,4.03E-33,3.33E-16,9.687486372
199,7.17E-30,1.47E-31,5.04E-37,3.39E-39,2.06E-34,2.31E-42,1.40E-11,2.39E-12,1.72E-31,1.72E-31,1.72E-31,7.59E-20,7.27E-24,7.92E-24,5.20E-16,7.84E-16,2.84E-24,9.03E-27,2.95E-15,2.59E-05,0,7.76E-20,1.38E-20,3.51E-20,7.77E-16,3.779081428
200,2.89E-29,7.82E-33,2.71E-34,6.13E-36,5.12E-32,1.24E-38,1.10E-12,1.17E-19,8.09E-30,8.09E-30,8.09E-30,1.73E-20,9.31E-25,1.03E-24,6.46E-16,1.24E-15,1.59E-24,1.14E-27,3.64E-16,4.66E-05,0,5.12E-22,1.26E-22,5.43E-22,3.44E-15,3.743381973
